cohort,indicator_lifetime,average_revenue_per_paying_customer
31,1,29.511494252873565
31,2,30.525
32,1,29.773691654879773
31,3,29.142857142857142
32,2,29.928741092636578
33,1,30.519662921348313
31,4,30.454545454545453
32,3,29.528301886792452
33,2,29.171974522292995
34,1,30.929133858267715
