category,average_rating
love_and_death,6.50625love,6.580257510729613death,6.535465116279072other,18.28091834524586