cohort,indicator_lifetime,retention rate
31,1,0.9275949367088607
31,2,0.6293670886075949
32,1,0.9293032786885246
31,3,0.3569620253164557
32,2,0.6480532786885246
33,1,0.9242053789731052
31,4,0.15037974683544303
32,3,0.36116803278688525
33,2,0.6611246943765281
34,1,0.9290780141843972
